INSERT INTO PA_PRTY (ID_PRTY) values ('retek');
INSERT INTO PA_ORGN (ID_PRTY_ORGN, NM_ORGN) values ('retek', 'Retek');

INSERT INTO LO_CRDN_TYP (TY_CRDN, DE_CRDN_TYP) values ('PY', 'Default Coordinate Type');
INSERT INTO LO_LCN_PHY (TY_CRDN, CD_LCN_PHY) values ('PY', 'PHYLCN');

INSERT INTO LO_PH_TYP (ID_PH_TYP, DE_PH_TYP) values ('UNKNOWN',                 'unknown'                    );
INSERT INTO LO_PH_TYP (ID_PH_TYP, DE_PH_TYP) values ('HOME',                    'home'                       );
INSERT INTO LO_PH_TYP (ID_PH_TYP, DE_PH_TYP) values ('WORK',                    'work'                       );
INSERT INTO LO_PH_TYP (ID_PH_TYP, DE_PH_TYP) values ('CELLULAR',                'cellular'                   );
INSERT INTO LO_PH_TYP (ID_PH_TYP, DE_PH_TYP) values ('FAX',                     'fax'                        );
INSERT INTO LO_PH_TYP (ID_PH_TYP, DE_PH_TYP) values ('VOICE',                   'voice'                      );
INSERT INTO LO_PH_TYP (ID_PH_TYP, DE_PH_TYP) values ('STORE',                   'store phone'                );
INSERT INTO LO_PH_TYP (ID_PH_TYP, DE_PH_TYP) values ('STORE_ALT',               'alternate store phone'      );
INSERT INTO LO_PH_TYP (ID_PH_TYP, DE_PH_TYP) values ('STORE_FAX',               'store fax'                  );
INSERT INTO LO_PH_TYP (ID_PH_TYP, DE_PH_TYP) values ('EMPLOYEE',                'employee'                   );
INSERT INTO LO_PH_TYP (ID_PH_TYP, DE_PH_TYP) values ('CUSTOMER_UNKNOWN',        'customer unknown'           );
INSERT INTO LO_PH_TYP (ID_PH_TYP, DE_PH_TYP) values ('CUSTOMER_HOME',           'customer home'              );
INSERT INTO LO_PH_TYP (ID_PH_TYP, DE_PH_TYP) values ('CUSTOMER_WORK',           'customer work'              );
INSERT INTO LO_PH_TYP (ID_PH_TYP, DE_PH_TYP) values ('CUSTOMER_CELLULAR',       'customer cellular'          );
INSERT INTO LO_PH_TYP (ID_PH_TYP, DE_PH_TYP) values ('CUSTOMER_FAX',            'customer fax'               );
INSERT INTO LO_PH_TYP (ID_PH_TYP, DE_PH_TYP) values ('CUSTOMER_VOICE',          'customer voice'             );
INSERT INTO LO_PH_TYP (ID_PH_TYP, DE_PH_TYP) values ('CUSTOMER_UNKNOWN_ALT',    'alternate customer unknown' );
INSERT INTO LO_PH_TYP (ID_PH_TYP, DE_PH_TYP) values ('CUSTOMER_HOME_ALT',       'alternate customer home'    );
INSERT INTO LO_PH_TYP (ID_PH_TYP, DE_PH_TYP) values ('CUSTOMER_WORK_ALT',       'alternate customer work'    );
INSERT INTO LO_PH_TYP (ID_PH_TYP, DE_PH_TYP) values ('CUSTOMER_CELLULAR_ALT',   'alternate customer cellular');
INSERT INTO LO_PH_TYP (ID_PH_TYP, DE_PH_TYP) values ('CUSTOMER_FAX_ALT',        'alternate customer fax'     );
INSERT INTO LO_PH_TYP (ID_PH_TYP, DE_PH_TYP) values ('CUSTOMER_VOICE_ALT',      'alternate customer voice'   );

INSERT INTO PA_RO_PRTY_TYP (TY_RO_PRTY, NM_RO_PRTY, DE_RO_PRTY) values ('ST', 'STORE', '');
INSERT INTO PA_RO_PRTY_TYP (TY_RO_PRTY, NM_RO_PRTY, DE_RO_PRTY) values ('EM', 'EMPLOYEE', '');
INSERT INTO PA_RO_PRTY_TYP (TY_RO_PRTY, NM_RO_PRTY, DE_RO_PRTY) values ('CU', 'CUSTOMER', '');

INSERT INTO PA_GP_CT (ID_GP_ID, NM_GP, DE_GP_CT) VALUES ('CU_LOYALTY', 'LOYALTY CUSTOMER', 'Customer eligable for loyalty discount');

INSERT INTO RK_EMP_STATUS (ID, DESCRIPTION) values ('0', 'ACTIVE');
INSERT INTO RK_EMP_STATUS (ID, DESCRIPTION) values ('1', 'TERMINATED');

INSERT INTO TR_DSC (TY_DSC, NM_DSC, DE_DSC) values ('BD', 'BASIC DISCOUNT', 'GENERAL TYPE OF DISCOUNT');
INSERT INTO TR_DSC (TY_DSC, NM_DSC, DE_DSC) values ('ED', 'EMPLOYEE DISCOUNT', 'DISCOUNT FOR EMPLOYEES');

INSERT INTO RK_POS_LN_ITM_TYP (ID, DESCRIPTION) values (1, 'SALE');
INSERT INTO RK_POS_LN_ITM_TYP (ID, DESCRIPTION) values (2, 'RETURN');
INSERT INTO RK_POS_LN_ITM_TYP (ID, DESCRIPTION) values (3, 'LAYAWAY');

INSERT INTO RK_FORM_TYPE (ID, DESCRIPTION) values (1, 'W4');
INSERT INTO RK_FORM_TYPE (ID, DESCRIPTION) values (2, 'I9');
INSERT INTO RK_FORM_TYPE (ID, DESCRIPTION) values (3, 'VACATION_REQUEST');

INSERT INTO RK_ID_DOC_TYPE (ID, DESCRIPTION) values (1, 'I9_PRIMARY');
INSERT INTO RK_ID_DOC_TYPE (ID, DESCRIPTION) values (2, 'I9_SECONDARY');
INSERT INTO RK_ID_DOC_TYPE (ID, DESCRIPTION) values (3, 'I9_REHIRE');

INSERT INTO CO_TYP_TRN (ID_RS, TY_TRN) values ('100', 'TRNUNK');
INSERT INTO CO_TYP_TRN (ID_RS, TY_TRN) values ('101', 'TRNSOS');
INSERT INTO CO_TYP_TRN (ID_RS, TY_TRN) values ('102', 'TRNEOS');
INSERT INTO CO_TYP_TRN (ID_RS, TY_TRN) values ('103', 'TRNEOD');

INSERT INTO CO_TYP_TRN (ID_RS, TY_TRN) values ('140', 'TRNFER');
INSERT INTO CO_TYP_TRN (ID_RS, TY_TRN) values ('141', 'TRNRIN');
INSERT INTO CO_TYP_TRN (ID_RS, TY_TRN) values ('142', 'TRNOUT');

INSERT INTO CO_TYP_TRN (ID_RS, TY_TRN) values ('150', 'TRNPAY');
INSERT INTO CO_TYP_TRN (ID_RS, TY_TRN) values ('151', 'TRNPOS');
INSERT INTO CO_TYP_TRN (ID_RS, TY_TRN) values ('152', 'TRNRTS');
INSERT INTO CO_TYP_TRN (ID_RS, TY_TRN) values ('153', 'TRNLPA');
INSERT INTO CO_TYP_TRN (ID_RS, TY_TRN) values ('154', 'TRNCOL');
INSERT INTO CO_TYP_TRN (ID_RS, TY_TRN) values ('155', 'TRNPOT');
INSERT INTO CO_TYP_TRN (ID_RS, TY_TRN) values ('156', 'TRNVOD');
INSERT INTO CO_TYP_TRN (ID_RS, TY_TRN) values ('157', 'TRNNOS');
INSERT INTO CO_TYP_TRN (ID_RS, TY_TRN) values ('158', 'TRNBBK');

INSERT INTO CO_TYP_TRN (ID_RS, TY_TRN) values ('160', 'TRNTCD');
INSERT INTO CO_TYP_TRN (ID_RS, TY_TRN) values ('161', 'TRNTCI');
INSERT INTO CO_TYP_TRN (ID_RS, TY_TRN) values ('162', 'TRNTCO');
INSERT INTO CO_TYP_TRN (ID_RS, TY_TRN) values ('163', 'TRNTCT');
INSERT INTO CO_TYP_TRN (ID_RS, TY_TRN) values ('164', 'TRNTCB');
INSERT INTO CO_TYP_TRN (ID_RS, TY_TRN) values ('165', 'TRNTCM');

INSERT INTO CO_CLS_TND (LU_CLS_TND, DE_CLS_TND) values ('????', 'UNKNOWN');
INSERT INTO CO_CLS_TND (LU_CLS_TND, DE_CLS_TND) values ('CASH', 'CASH');
INSERT INTO CO_CLS_TND (LU_CLS_TND, DE_CLS_TND) values ('CAD_CASH', 'CAD_CASH');
INSERT INTO CO_CLS_TND (LU_CLS_TND, DE_CLS_TND) values ('CHECK', 'CHECK');
INSERT INTO CO_CLS_TND (LU_CLS_TND, DE_CLS_TND) values ('EMPLOYEE_CHECK', 'EMPLOYEE_CHECK');
INSERT INTO CO_CLS_TND (LU_CLS_TND, DE_CLS_TND) values ('BANK_CHECK', 'BANK_CHECK');
INSERT INTO CO_CLS_TND (LU_CLS_TND, DE_CLS_TND) values ('CAD_BANK_CHECK', 'CAD_BANK_CHECK');
INSERT INTO CO_CLS_TND (LU_CLS_TND, DE_CLS_TND) values ('BUSINESS_CHECK', 'BUSINESS_CHECK');
INSERT INTO CO_CLS_TND (LU_CLS_TND, DE_CLS_TND) values ('CAD_BUSINESS_CHECK', 'CAD_BUSINESS_CHECK');
INSERT INTO CO_CLS_TND (LU_CLS_TND, DE_CLS_TND) values ('MONEY_ORDER', 'MONEY_ORDER');
INSERT INTO CO_CLS_TND (LU_CLS_TND, DE_CLS_TND) values ('TRAVELLERS_CHECK', 'TRAVELLERS_CHECK');
INSERT INTO CO_CLS_TND (LU_CLS_TND, DE_CLS_TND) values ('CREDIT_CARD', 'CREDIT_CARD');
INSERT INTO CO_CLS_TND (LU_CLS_TND, DE_CLS_TND) values ('AMEX', 'AMEX');
INSERT INTO CO_CLS_TND (LU_CLS_TND, DE_CLS_TND) values ('DISCOVER', 'DISCOVER');
INSERT INTO CO_CLS_TND (LU_CLS_TND, DE_CLS_TND) values ('MASTER_CARD', 'MASTER_CARD');
INSERT INTO CO_CLS_TND (LU_CLS_TND, DE_CLS_TND) values ('VISA', 'VISA');
INSERT INTO CO_CLS_TND (LU_CLS_TND, DE_CLS_TND) values ('DEBIT_CARD', 'DEBIT_CARD');
INSERT INTO CO_CLS_TND (LU_CLS_TND, DE_CLS_TND) values ('REDEEMABLE', 'REDEEMABLE');
INSERT INTO CO_CLS_TND (LU_CLS_TND, DE_CLS_TND) values ('GIFT_CERTIFICATE', 'GIFT_CERTIFICATE');
INSERT INTO CO_CLS_TND (LU_CLS_TND, DE_CLS_TND) values ('DUE_BILL', 'DUE_BILL');
INSERT INTO CO_CLS_TND (LU_CLS_TND, DE_CLS_TND) values ('DUE_BILL_ISSUE', 'DUE_BILL_ISSUE');
INSERT INTO CO_CLS_TND (LU_CLS_TND, DE_CLS_TND) values ('STORE_VALUE_CARD', 'STORE_VALUE_CARD');
INSERT INTO CO_CLS_TND (LU_CLS_TND, DE_CLS_TND) values ('MANUFACTURE_COUPON', 'MANUFACTURE_COUPON');

INSERT INTO CO_CLS_GF_CF (TY_GF_CF, DE_TYP_GF_CF) values ('REDEEMABLE', 'REDEEMABLE');               
INSERT INTO CO_CLS_GF_CF (TY_GF_CF, DE_TYP_GF_CF) values ('GIFT_CERTIFICATE', 'GIFT_CERTIFICATE');   
INSERT INTO CO_CLS_GF_CF (TY_GF_CF, DE_TYP_GF_CF) values ('DUE_BILL', 'DUE_BILL');                   
INSERT INTO CO_CLS_GF_CF (TY_GF_CF, DE_TYP_GF_CF) values ('DUE_BILL_ISSUE', 'DUE_BILL_ISSUE');       
INSERT INTO CO_CLS_GF_CF (TY_GF_CF, DE_TYP_GF_CF) values ('STORE_VALUE_CARD', 'STORE_VALUE_CARD');

INSERT INTO RK_EMP_RSC_ROL_TY (ID, DESCRIPTION) values (1, 'PREFERRED');
INSERT INTO RK_EMP_RSC_ROL_TY (ID, DESCRIPTION) values (2, 'BACKUP');

INSERT INTO RK_TIME_RANGE_TYPE (ID, DESCRIPTION) values (10, 'PREFERRED_SUNDAY');
INSERT INTO RK_TIME_RANGE_TYPE (ID, DESCRIPTION) values (11, 'PREFERRED_MONDAY');
INSERT INTO RK_TIME_RANGE_TYPE (ID, DESCRIPTION) values (12, 'PREFERRED_TUESDAY');
INSERT INTO RK_TIME_RANGE_TYPE (ID, DESCRIPTION) values (13, 'PREFERRED_WEDNESDAY');
INSERT INTO RK_TIME_RANGE_TYPE (ID, DESCRIPTION) values (14, 'PREFERRED_THURSDAY');
INSERT INTO RK_TIME_RANGE_TYPE (ID, DESCRIPTION) values (15, 'PREFERRED_FRIDAY');
INSERT INTO RK_TIME_RANGE_TYPE (ID, DESCRIPTION) values (16, 'PREFERRED_SATURDAY');
INSERT INTO RK_TIME_RANGE_TYPE (ID, DESCRIPTION) values (20, 'UNAVAILABLE_SUNDAY');
INSERT INTO RK_TIME_RANGE_TYPE (ID, DESCRIPTION) values (21, 'UNAVAILABLE_MONDAY');
INSERT INTO RK_TIME_RANGE_TYPE (ID, DESCRIPTION) values (22, 'UNAVAILABLE_TUESDAY');
INSERT INTO RK_TIME_RANGE_TYPE (ID, DESCRIPTION) values (23, 'UNAVAILABLE_WEDNESDAY');
INSERT INTO RK_TIME_RANGE_TYPE (ID, DESCRIPTION) values (24, 'UNAVAILABLE_THURSDAY');
INSERT INTO RK_TIME_RANGE_TYPE (ID, DESCRIPTION) values (25, 'UNAVAILABLE_FRIDAY');
INSERT INTO RK_TIME_RANGE_TYPE (ID, DESCRIPTION) values (26, 'UNAVAILABLE_SATURDAY');
insert into RK_TIME_RANGE_TYPE (ID, DESCRIPTION) values (29, 'UNAVAILABLE_SPECIAL_REQUESTS');

insert into ID_DPT_PS (ID_DPT_POS, NM_DPT_POS, ID_DPT_POS_PRNT) values ('X', 'NONE', null);
insert into ID_DPT_PS (ID_DPT_POS, NM_DPT_POS, ID_DPT_POS_PRNT) values ('GIFT', 'GIFT', null);
insert into ID_DPT_PS (ID_DPT_POS, NM_DPT_POS, ID_DPT_POS_PRNT) values ('MEN', 'MEN', null);
insert into ID_DPT_PS (ID_DPT_POS, NM_DPT_POS, ID_DPT_POS_PRNT) values ('WOMEN', 'WOMEN', null);
insert into ID_DPT_PS (ID_DPT_POS, NM_DPT_POS, ID_DPT_POS_PRNT) values ('MISC', 'MISC', null);
